LA.Code,LA.Name,decile_imd,quintile_imd,decile_income,quintile_income,RGN19NM,pop19,Patient.Count_before,Patient.Count_after,Patient.Count.QCOVID_before,Patient.Count.QCOVID_after,Shielders_pct_before,Shielders_pct_after,Shielders_from_QCOVID_pct_before,Shielders_from_QCOVID_pct_after,Patient.Count_diff,Shielders_pct_diff
E08000012,Liverpool,1,1,1,1,North West,498042,44580,51455,,6910,8.9510523208886,10.3314579894868,,13.429209989311,6875,1.38040566859823
E08000014,Sefton,2,1,2,1,North West,276410,22050,27150,,5155,7.97728012734706,9.82236532686951,,18.9871086556169,5100,1.84508519952245
E09000018,Hounslow,4,2,4,2,London,271523,20760,29535,,8875,7.6457611325744,10.8775315534964,,30.0490942949044,8775,3.23177042092199
E07000027,Barrow-in-Furness,1,1,2,1,North West,67049,4985,6420,,1260,7.43486107175349,9.57508687676177,,19.6261682242991,1435,2.14022580500828
E08000013,St. Helens,1,1,2,1,North West,180585,12530,15555,,3055,6.93856078854833,8.61367223191295,,19.6399871423979,3025,1.67511144336462
E08000011,Knowsley,1,1,1,1,North West,150862,9355,13050,,3650,6.20103140618579,8.65028966870385,,27.9693486590038,3695,2.44925826251806
E09000009,Ealing,4,2,3,2,London,341806,20265,35615,,15275,5.92880171793357,10.4196532536,,42.8892320651411,15350,4.49085153566643
E07000171,Bassetlaw,4,2,5,3,East Midlands,117459,6955,9730,,2705,5.92121506227705,8.28374156088507,,27.8006166495375,2775,2.36252649860802
E07000244,East Suffolk,5,3,5,3,East of England,249461,14225,20240,,5865,5.70229414617916,8.11349269024016,,28.9772727272727,6015,2.411198544061
E06000034,Thurrock,5,3,4,2,East of England,174341,9810,12895,,3030,5.62690359697375,7.3964242490292,,23.4974796432726,3085,1.76952065205546
E08000001,Bolton,2,1,1,1,North West,287550,16095,24745,,8530,5.59728742827334,8.60545992001391,,34.4716104263488,8650,3.00817249174057
E07000075,Rochford,9,5,9,5,East of England,87368,4790,6165,,1370,5.48255654244117,7.0563593077557,,22.2222222222222,1375,1.57380276531453
E07000114,Thanet,1,1,1,1,South East,141922,7510,10785,,3270,5.29163906934795,7.599244655515,,30.3198887343533,3275,2.30760558616705
E06000042,Milton Keynes,6,3,5,3,South East,269457,14200,19625,,5425,5.26985752828837,7.28316577413094,,27.6433121019108,5425,2.01330824584256
E09000005,Brent,3,2,3,2,London,329771,17325,33460,,16240,5.25364571172116,10.146434950314,,48.5355648535565,16135,4.89278923859284
E07000076,Tendring,2,1,2,1,East of England,146561,7695,11580,,3775,5.25037356459085,7.90114696269813,,32.5993091537133,3885,2.65077339810727
E07000112,Folkestone and Hythe,3,2,3,2,South East,112996,5890,8495,,2570,5.21257389642111,7.51796523770753,,30.2530900529723,2605,2.30539134128642
E06000057,Northumberland,4,2,4,2,North East,322434,16785,22120,,5165,5.20571651872941,6.86031870088142,,23.3499095840868,5335,1.65460218215201
E07000224,Arun,5,3,6,3,South East,160758,8330,12710,,4310,5.18170168825191,7.90629393249481,,33.9103068450039,4380,2.7245922442429
E07000163,Craven,8,4,9,5,Yorkshire and The Humber,57142,2925,4120,,1225,5.11882678240174,7.21010815162227,,29.7330097087379,1195,2.09128136922054
E08000002,Bury,3,2,3,2,North West,190990,9725,13860,,4110,5.0918896277292,7.25692444630609,,29.6536796536797,4135,2.16503481857689
E06000002,Middlesbrough,1,1,1,1,North East,140980,7175,11645,,4445,5.08937437934459,8.26003688466449,,38.1708887934736,4470,3.1706625053199
E07000147,North Norfolk,4,2,6,3,East of England,104837,5310,7930,,2505,5.06500567547717,7.56412335339623,,31.5889029003783,2620,2.49911767791906
E08000016,Barnsley,2,1,2,1,Yorkshire and The Humber,246866,12490,17355,,4800,5.05942495118809,7.03012970599435,,27.6577355229041,4865,1.97070475480625
E07000108,Dover,4,2,4,2,South East,118131,5955,8550,,2545,5.04101378977576,7.2377276074866,,29.766081871345,2595,2.19671381771085
E08000017,Doncaster,2,1,2,1,Yorkshire and The Humber,311890,15685,23085,,7195,5.02901664048222,7.40164801692905,,31.1674247346762,7400,2.37263137644682
E07000073,Harlow,4,2,4,2,East of England,87067,4370,6970,,2695,5.01912320396936,8.00532922921428,,38.6657101865136,2600,2.98620602524493
E06000005,Darlington,3,2,3,2,North East,106803,5340,8000,,2485,4.9998595545069,7.49042629888674,,31.0625,2660,2.49056674437984
E07000156,Wellingborough,4,2,4,2,East Midlands,79707,3985,6070,,2020,4.99956089176609,7.61539137089591,,33.2784184514003,2085,2.61583047912981
E06000001,Hartlepool,1,1,1,1,North East,93663,4675,7265,,2535,4.99129859175982,7.7565313944674,,34.8933241569167,2590,2.76523280270758
E06000047,County Durham,2,1,2,1,North East,530094,26330,38615,,12090,4.96704358094979,7.28455707855588,,31.3090767836333,12285,2.31751349760608
E07000128,Wyre,5,3,4,2,North West,112091,5560,8005,,2350,4.96025550668653,7.14151894442908,,29.3566520924422,2445,2.18126343774255
E06000009,Blackpool,1,1,1,1,North West,139446,6905,11440,,4520,4.95173759017828,8.20389254621861,,39.5104895104895,4535,3.25215495604033
E06000006,Halton,1,1,1,1,North West,129410,6395,9440,,2950,4.94165829534039,7.29464492697628,,31.25,3045,2.35298663163588
E07000144,Broadland,9,5,9,5,East of England,130783,6350,8730,,2285,4.8553711109242,6.67517949580603,,26.1741122565865,2380,1.81980838488183
E07000197,Stafford,8,4,8,4,West Midlands,137280,6665,8990,,2780,4.85504079254079,6.54865967365967,,30.9232480533927,2325,1.69361888111888
E08000023,South Tyneside,1,1,1,1,North East,150976,7315,11745,,4415,4.8451409495549,7.77938215345485,,37.5904640272456,4430,2.93424120389996
E08000015,Wirral,2,1,2,1,North West,324011,15695,23695,,7900,4.84397134665181,7.31302332328224,,33.3403671660688,8000,2.46905197663042
E09000017,Hillingdon,5,3,5,3,London,306870,14845,24565,,9645,4.83755336135823,8.00501841170528,,39.263179320171,9720,3.16746505034705
E07000045,Teignbridge,7,4,6,3,South West,134163,6460,9370,,2795,4.81503842341033,6.98404179990012,,29.82924226254,2910,2.16900337648979
E07000137,East Lindsey,2,1,2,1,East Midlands,141727,6820,11780,,4810,4.81206827210059,8.31175428817374,,40.8319185059423,4960,3.49968601607315
E08000037,Gateshead,2,1,2,1,North East,202055,9720,14465,,4745,4.81057137907995,7.1589418722625,,32.8033183546492,4745,2.34837049318255
E07000146,King's Lynn and West Norfolk,3,2,5,3,East of England,151383,7240,11220,,3835,4.78257135873909,7.41166445373655,,34.1800356506239,3980,2.62909309499746
E07000141,South Kesteven,8,4,7,4,East Midlands,142424,6805,9505,,2610,4.77798685614784,6.67373476380385,,27.4592319831668,2700,1.89574790765601
E07000010,Fenland,3,2,3,2,East of England,101850,4860,7790,,2840,4.77172312223859,7.64850270004909,,36.4569961489089,2930,2.87677957781051
E07000074,Maldon,7,4,7,4,East of England,64926,3095,4275,,1120,4.76696546837939,6.58441918491822,,26.1988304093567,1180,1.81745371653883
E08000032,Bradford,1,1,1,1,Yorkshire and The Humber,539776,25700,45135,,19605,4.76123428977946,8.36180193265355,,43.436357593885,19435,3.60056764287408
E07000090,Havant,4,2,4,2,South East,126220,5980,9295,,3250,4.73775946759626,7.36412612898114,,34.965034965035,3315,2.62636666138488
E07000139,North Kesteven,9,5,8,4,East Midlands,116915,5515,7605,,2075,4.71710216824189,6.50472565539067,,27.284681130835,2090,1.78762348714878
E06000003,Redcar and Cleveland,2,1,1,1,North East,137150,6465,10270,,3705,4.71381698869851,7.48815165876777,,36.0759493670886,3805,2.77433467006927
E08000022,North Tyneside,4,2,3,2,North East,207913,9760,14600,,4760,4.69427116149543,7.02216792600751,,32.6027397260274,4840,2.32789676451208
E08000035,Leeds,2,1,3,2,Yorkshire and The Humber,793139,37195,55110,,17400,4.68959413167175,6.94834070698831,,31.5732172019597,17915,2.25874657531656
E07000203,Mid Suffolk,8,4,9,5,East of England,103895,4865,6715,,1775,4.68261225275519,6.46325617209683,,26.4333581533879,1850,1.78064391934164
E06000004,Stockton-on-Tees,3,2,2,1,North East,197348,9210,13830,,4550,4.66688286681395,7.00792508664897,,32.8994938539407,4620,2.34104221983501
E06000052+E06000053,Cornwall and Isles of Scilly,,,,,South West,571802,26680,37270,,13290,4.66595080115145,6.51799049321269,,35.6587067346391,10590,1.85203969206124
E06000032,Luton,3,2,3,2,East of England,213052,9930,19270,,9255,4.66083397480427,9.04474025120628,,48.0280228334198,9340,4.38390627640201
E07000046,Torridge,4,2,5,3,South West,68267,3135,4905,,1720,4.59226273309212,7.18502351062739,,35.0662589194699,1770,2.59276077753527
E07000225,Chichester,8,4,8,4,South East,121129,5550,8750,,3140,4.58189203246126,7.22370365478127,,35.8857142857143,3200,2.64181162232001
E06000027,Torbay,2,1,2,1,South West,136264,6230,10375,,4095,4.57200727998591,7.61389655374861,,39.4698795180723,4145,3.0418892737627
E07000069,Castle Point,6,3,6,3,East of England,90376,4130,6075,,1885,4.56979729131628,6.72191732318315,,31.0288065843621,1945,2.15212003186687
E08000006,Salford,1,1,1,1,North West,258834,11745,18340,,6460,4.53765734022578,7.08562244527381,,35.2235550708833,6595,2.54796510504802
E09000013,Hammersmith and Fulham,4,2,3,2,London,185143,8400,14640,,6145,4.53703353623956,7.90740130601751,,41.974043715847,6240,3.37036776977796
E07000200,Babergh,7,4,8,4,East of England,92036,4175,6110,,1890,4.53626841670651,6.63870659307228,,30.9328968903437,1935,2.10243817636577
E07000189,South Somerset,6,3,7,4,South West,168345,7635,11200,,3515,4.5353292346075,6.65300424723039,,31.3839285714286,3565,2.11767501262289
E08000024,Sunderland,2,1,1,1,North East,277705,12555,20590,,7915,4.52098449793846,7.41434255775013,,38.4409907722195,8035,2.89335805981167
E07000047,West Devon,6,3,6,3,South West,55796,2510,3765,,1240,4.49853036059933,6.74779554089899,,32.9349269588313,1255,2.24926518029966
E07000029,Copeland,3,2,4,2,North West,68183,3065,4845,,1710,4.4952554155728,7.10587683146826,,35.2941176470588,1780,2.61062141589546
E07000170,Ashfield,3,2,3,2,East Midlands,127918,5740,9305,,3505,4.48724964430338,7.27419127878797,,37.6679204728641,3565,2.78694163448459
E09000015,Harrow,7,4,5,3,London,251160,11270,21750,,10405,4.48717948717949,8.65981844242714,,47.8390804597701,10480,4.17263895524765
E07000218,North Warwickshire,6,3,6,3,West Midlands,65264,2925,4290,,1325,4.48179700907085,6.57330227997058,,30.8857808857809,1365,2.09150527089973
E07000202,Ipswich,3,2,3,2,East of England,136913,6120,10255,,4110,4.46999189266176,7.49015798353699,,40.0780107264749,4135,3.02016609087523
E07000127,West Lancashire,5,3,4,2,North West,114306,5095,7460,,2270,4.45733382324637,6.52634157437055,,30.4289544235925,2365,2.06900775112417
E07000043,North Devon,5,3,5,3,South West,97145,4320,7500,,3090,4.44696072880745,7.72041793195738,,41.2,3180,3.27345720314993
E07000193,East Staffordshire,5,3,6,3,West Midlands,119754,5325,8240,,2835,4.4466155619019,6.88077224977871,,34.4053398058252,2915,2.43415668787682
E06000056,Central Bedfordshire,9,5,8,4,East of England,288648,12820,17150,,4695,4.44139574845487,5.94149275241817,,27.3760932944606,4330,1.50009700396331
E07000091,New Forest,8,4,8,4,South East,180086,7995,12290,,4230,4.43954555045922,6.82451717512744,,34.4182262001627,4295,2.38497162466822
E07000173,Gedling,7,4,6,3,East Midlands,117896,5230,7745,,2405,4.43611318450159,6.56934925697225,,31.052291801162,2515,2.13323607247065
E07000167,Ryedale,7,4,8,4,Yorkshire and The Humber,55380,2450,3545,,1045,4.42397977609245,6.40122788010112,,29.4781382228491,1095,1.97724810400867
E06000021,Stoke-on-Trent,1,1,1,1,West Midlands,256375,11325,19600,,8005,4.41735738664066,7.64505119453925,,40.8418367346939,8275,3.22769380789859
E07000145,Great Yarmouth,1,1,1,1,East of England,99336,4385,7860,,3370,4.41431102520738,7.91253926069099,,42.8753180661578,3475,3.49822823548361
E06000010,"Kingston upon Hull, City of",1,1,1,1,Yorkshire and The Humber,259778,11435,18625,,6745,4.40183541331445,7.16958325955239,,36.2147651006711,7190,2.76774784623794
E07000088,Gosport,5,3,6,3,South East,84838,3730,6120,,2375,4.39661472453382,7.21374855607157,,38.8071895424837,2390,2.81713383153775
E07000030,Eden,6,3,9,5,North West,53253,2335,3255,,875,4.38472949880758,6.11233169962256,,26.8817204301075,920,1.72760220081498
E07000066,Basildon,4,2,3,2,East of England,187199,8205,13270,,5010,4.38303623416792,7.08871308073227,,37.7543330821402,5065,2.70567684656435
E07000245,West Suffolk,6,3,8,4,East of England,179045,7830,11905,,3990,4.37320226758636,6.64916641067888,,33.5153296934061,4075,2.27596414309252
E07000136,Boston,4,2,4,2,East Midlands,70173,3065,5010,,1900,4.36777678024311,7.13949809755889,,37.9241516966068,1945,2.77172131731578
E07000085,East Hampshire,9,5,10,5,South East,122308,5330,7610,,2205,4.35785067207378,6.2219969257939,,28.9750328515112,2280,1.86414625372012
E08000008,Tameside,1,1,2,1,North West,226493,9860,16485,,6425,4.35333542316981,7.27837063397103,,38.9748255990294,6625,2.92503521080122
E07000033,Bolsover,3,2,3,2,East Midlands,80562,3500,5555,,1995,4.34448002780467,6.89531044412999,,35.9135913591359,2055,2.55083041632532
E08000010,Wigan,3,2,3,2,North West,328662,14265,21600,,7045,4.34032531902076,6.57210142943206,,32.6157407407407,7335,2.2317761104113
E07000174,Mansfield,2,1,2,1,East Midlands,109313,4740,7255,,2435,4.33617227594156,6.63690503416794,,33.5630599586492,2515,2.30073275822638
E06000011,East Riding of Yorkshire,7,4,7,4,Yorkshire and The Humber,341173,14785,23010,,8030,4.333578565713,6.74437895144106,,34.8978704910908,8225,2.41080038572806
E08000018,Rotherham,2,1,2,1,Yorkshire and The Humber,265411,11480,17900,,6315,4.32536707220123,6.74425702024407,,35.2793296089386,6420,2.41888994804285
E07000117,Burnley,1,1,1,1,North West,88920,3845,6265,,2405,4.32411156095367,7.04565901934323,,38.3878691141261,2420,2.72154745838956
E07000063,Lewes,7,4,6,3,South East,103268,4465,7080,,2560,4.32370143703761,6.85594763140566,,36.1581920903955,2615,2.53224619436805
E07000194,Lichfield,8,4,8,4,West Midlands,104756,4470,7255,,2745,4.26705868876246,6.92561762572072,,37.8359751895245,2785,2.65855893695827
E07000080,Forest of Dean,6,3,6,3,South West,86791,3695,5200,,1465,4.25735387309744,5.99140463872982,,28.1730769230769,1505,1.73405076563238
E07000011,Huntingdonshire,8,4,8,4,East of England,177963,7570,11210,,3560,4.25369318341453,6.29906216460725,,31.757359500446,3640,2.04536898119272
E07000168,Scarborough,3,2,3,2,Yorkshire and The Humber,108757,4620,8075,,3380,4.24800242742996,7.42480943755345,,41.8575851393189,3455,3.17680701012349
E06000012,North East Lincolnshire,1,1,1,1,Yorkshire and The Humber,159563,6770,11050,,4170,4.24283825197571,6.92516435514499,,37.737556561086,4280,2.68232610316928
E07000026,Allerdale,4,2,5,3,North West,97761,4140,6655,,2480,4.23481756528677,6.80741809105881,,37.2652141247183,2515,2.57260052577204
E07000149,South Norfolk,8,4,8,4,East of England,140880,5955,8625,,2590,4.22700170357751,6.12223168654174,,30.0289855072464,2670,1.89522998296423
E07000040,East Devon,8,4,8,4,South West,146284,6175,10135,,3875,4.22124087391649,6.92830384731071,,38.2338431179082,3960,2.70706297339422
E07000012,South Cambridgeshire,10,5,10,5,East of England,159086,6710,9895,,3015,4.21784443634261,6.2199062142489,,30.4699343102577,3185,2.00206177790629
E08000004,Oldham,1,1,1,1,North West,237110,10000,17570,,7470,4.21745181561301,7.41006284003205,,42.5156516789983,7570,3.19261102441905
E07000081,Gloucester,4,2,4,2,South West,129128,5440,9260,,3730,4.21287404745679,7.17117898519299,,40.280777537797,3820,2.9583049377362
E06000050,Cheshire West and Chester,6,3,5,3,North West,343071,14445,21655,,7090,4.21049870143498,6.3121044914901,,32.7407065342877,7210,2.10160579005512
E07000150,Corby,3,2,4,2,East Midlands,72218,3040,4735,,1615,4.20947686172422,6.5565371514027,,34.1077085533263,1695,2.34706028967847
E09000004,Bexley,6,3,6,3,London,248287,10445,16640,,6140,4.20682516603769,6.70192156657417,,36.8990384615385,6195,2.49509640053648
E07000221,Stratford-on-Avon,9,5,9,5,West Midlands,130098,5460,8165,,2585,4.19683623114883,6.27603806361358,,31.6595223515003,2705,2.07920183246476
E07000089,Hart,10,5,10,5,South East,97073,4070,5580,,1435,4.19272094197151,5.7482513160199,,25.7168458781362,1510,1.5555303740484
E07000031,South Lakeland,8,4,10,5,North West,105088,4395,6530,,1950,4.18220919610231,6.21383982947625,,29.8621745788668,2135,2.03163063337393
E06000059,Dorset,7,4,7,4,South West,378508,15825,25455,,9145,4.18088917539392,6.72508903378528,,35.9261441759969,9630,2.54419985839137
E07000064,Rother,5,3,5,3,South East,96080,4015,7010,,2925,4.17880932556203,7.29600333055787,,41.7261055634808,2995,3.11719400499584
E07000143,Breckland,5,3,6,3,East of England,139968,5835,9580,,3645,4.16881001371742,6.8444215820759,,38.0480167014614,3745,2.67561156835848
E07000067,Braintree,7,4,7,4,East of England,152604,6360,9455,,2975,4.16764960289376,6.19577468480512,,31.4648334214701,3095,2.02812508191135
E07000109,Gravesham,4,2,4,2,South East,106939,4450,7030,,2600,4.16125080653457,6.57384116178382,,36.9843527738265,2580,2.41259035524925
E07000223,Adur,6,3,6,3,South East,64301,2675,4525,,1805,4.16012192656413,7.03721559540287,,39.8895027624309,1850,2.87709366883874
E06000013,North Lincolnshire,4,2,4,2,Yorkshire and The Humber,172292,7165,11450,,4180,4.15863766164419,6.64569451860795,,36.5065502183406,4285,2.48705685696376
E07000099,North Hertfordshire,9,5,8,4,East of England,133570,5550,8425,,2805,4.15512465373961,6.30755409148761,,33.2937685459941,2875,2.152429437748
E08000034,Kirklees,3,2,3,2,Yorkshire and The Humber,439787,18245,28995,,10620,4.14859920825309,6.59296432136466,,36.6270046559752,10750,2.44436511311157
E06000046,Isle of Wight,4,2,4,2,South East,141771,5825,9120,,3725,4.10873874064513,6.4329094102461,,40.844298245614,3295,2.32417066960098
E07000105,Ashford,5,3,5,3,South East,130032,5340,8095,,2695,4.10668143226283,6.22539067306509,,33.2921556516368,2755,2.11870924080226
E07000113,Swale,2,1,3,2,South East,150082,6155,8780,,2590,4.10109140336616,5.85013525939153,,29.498861047836,2625,1.74904385602537
E07000246,Somerset West and Taunton,5,3,6,3,South West,155115,6355,10375,,3955,4.09696031976276,6.68858588788963,,38.1204819277108,4020,2.59162556812687
E07000072,Epping Forest,7,4,7,4,East of England,131689,5395,8405,,2930,4.09677345867916,6.38246170902657,,34.8602022605592,3010,2.28568825034741
E07000175,Newark and Sherwood,5,3,5,3,East Midlands,122421,4985,8095,,3015,4.072013788484,6.61242760637472,,37.2452130945028,3110,2.54041381789072
E07000213,Spelthorne,7,4,8,4,South East,99844,4055,6735,,2480,4.06133568366652,6.74552301590481,,36.822568671121,2680,2.68418733223829
E06000045,Southampton,2,1,4,2,South East,252520,10250,15475,,5225,4.05908442895612,6.12822746713132,,33.7641357027464,5225,2.06914303817519
E07000120,Hyndburn,1,1,2,1,North West,81043,3285,5040,,1735,4.05340374862727,6.21892081981171,,34.4246031746032,1755,2.16551707118443
E07000198,Staffordshire Moorlands,7,4,7,4,West Midlands,98435,3980,5690,,1655,4.04327728958196,5.78046426575913,,29.0861159929701,1710,1.73718697617717
E07000148,Norwich,2,1,2,1,East of England,140573,5680,9280,,3515,4.04060523713658,6.60155221842032,,37.8771551724138,3600,2.56094698128375
E08000033,Calderdale,3,2,3,2,Yorkshire and The Humber,211455,8540,14270,,5670,4.03868435364498,6.7484807642288,,39.7337070777856,5730,2.70979641058381
E92000001,ENGLAND,,,,,,56286961,2269180,3803374,,1508223,4.03144877549882,6.75711378342135,,39.6548695973628,1534194,2.72566500792253
E07000082,Stroud,9,5,8,4,South West,119964,4835,7240,,2305,4.03037577940049,6.03514387649628,,31.8370165745856,2405,2.00476809709579
E07000037,High Peak,7,4,6,3,East Midlands,92666,3725,5425,,1635,4.01981309218052,5.85435866445082,,30.1382488479263,1700,1.8345455722703
E07000079,Cotswold,9,5,9,5,South West,89862,3580,5365,,1705,3.98388640359663,5.97026551823908,,31.780055917987,1785,1.98637911464245
E08000007,Stockport,5,3,5,3,North West,293423,11685,18445,,6540,3.98230540891477,6.28614662108969,,35.4567633505015,6760,2.30384121217492
E07000009,East Cambridgeshire,9,5,9,5,East of England,89840,3570,5435,,1780,3.97373107747106,6.04964381121995,,32.7506899724011,1865,2.07591273374889
E07000119,Fylde,7,4,7,4,North West,80780,3200,5200,,1980,3.96137657836098,6.43723693983659,,38.0769230769231,2000,2.47586036147561
E06000033,Southend-on-Sea,4,2,3,2,East of England,183125,7250,12865,,5570,3.95904436860068,7.02525597269625,,43.2957636999611,5615,3.06621160409556
E06000007,Warrington,5,3,5,3,North West,210014,8295,13095,,4640,3.94973668422105,6.23529859914101,,35.4333715158457,4800,2.28556191491996
E07000192,Cannock Chase,5,3,4,2,West Midlands,100762,3965,5870,,1870,3.93501518429567,5.82560886048312,,31.8568994889268,1905,1.89059367618745
E08000036,Wakefield,2,1,3,2,Yorkshire and The Humber,348312,13695,21705,,7870,3.93181974781231,6.23148211947909,,36.258926514628,8010,2.29966237166678
E08000028,Sandwell,1,1,1,1,West Midlands,328450,12905,26600,,13515,3.92906073983864,8.09864515146902,,50.8082706766917,13695,4.16958441163039
E06000058,"Bournemouth, Christchurch and Poole",6,3,5,3,South West,395331,15530,27020,,11265,3.92835370866439,6.83477895738002,,41.6913397483346,11490,2.90642524871563
E07000106,Canterbury,6,3,6,3,South East,165394,6490,9985,,3460,3.9239633844033,6.03709929017981,,34.6519779669504,3495,2.11313590577651
E08000027,Dudley,3,2,2,1,West Midlands,321596,12530,20135,,7485,3.89619273871566,6.26096095722584,,37.1740749937919,7605,2.36476821851018
E06000025,South Gloucestershire,9,5,8,4,South West,285093,11100,16260,,5000,3.8934663425619,5.70340204775284,,30.750307503075,5160,1.80993570519094
E07000121,Lancaster,3,2,4,2,North West,146038,5680,9265,,3325,3.88939864966653,6.34423917062682,,35.887749595251,3585,2.4548405209603
E07000219,Nuneaton and Bedworth,4,2,4,2,West Midlands,129883,5050,8230,,3120,3.88811468783444,6.33647205561929,,37.910085054678,3180,2.44835736778485
E06000016,Leicester,1,1,1,1,East Midlands,354224,13755,29560,,15795,3.88313609467456,8.34500203261213,,53.4336941813261,15805,4.46186593793758
E07000151,Daventry,8,4,9,5,East Midlands,85950,3330,4670,,1265,3.87434554973822,5.43339150668994,,27.0877944325482,1340,1.55904595695172
E08000009,Trafford,7,4,6,3,North West,237354,9195,14615,,5265,3.87396041355949,6.15746943384144,,36.0246322271639,5420,2.28350902028194
E07000062,Hastings,1,1,1,1,South East,92661,3585,6810,,3190,3.86894162592677,7.34937028523327,,46.8428781204112,3225,3.48042865930651
E06000026,Plymouth,2,1,3,2,South West,262100,10135,17400,,7090,3.86684471575734,6.63868752384586,,40.7471264367816,7265,2.77184280808852
E07000111,Sevenoaks,8,4,8,4,South East,120750,4660,7075,,2275,3.8592132505176,5.8592132505176,,32.1554770318021,2415,2
E07000242,East Hertfordshire,10,5,10,5,East of England,149748,5760,8015,,2235,3.84646205625451,5.35232523973609,,27.8852152214598,2255,1.50586318348158
E07000042,Mid Devon,6,3,7,4,South West,82311,3165,4800,,1590,3.84517257717681,5.83154134927288,,33.125,1635,1.98636877209607
E07000122,Pendle,2,1,2,1,North West,92112,3535,6145,,2565,3.83771929824561,6.67122633315963,,41.7412530512612,2610,2.83350703491402
E07000044,South Hams,8,4,7,4,South West,87004,3335,5195,,1780,3.83315709622546,5.97098983954761,,34.2637151106834,1860,2.13783274332215
E07000165,Harrogate,9,5,10,5,Yorkshire and The Humber,160831,6160,9745,,3480,3.83010737979618,6.05915526235614,,35.7106208311955,3585,2.22904788255995
E06000008,Blackburn with Darwen,1,1,1,1,North West,149696,5730,10905,,5130,3.82775758871313,7.28476378794357,,47.0426409903714,5175,3.45700619923044
E07000238,Wychavon,7,4,7,4,West Midlands,129433,4950,7500,,2455,3.82437245524712,5.79450372007139,,32.7333333333333,2550,1.97013126482427
E07000135,Oadby and Wigston,8,4,7,4,East Midlands,57015,2180,3770,,1565,3.82355520477067,6.61229501008507,,41.5119363395226,1590,2.78873980531439
E07000153,Kettering,5,3,5,3,East Midlands,101776,3890,6615,,2645,3.82211916365351,6.49956767803804,,39.9848828420257,2725,2.67744851438453
E06000019,"Herefordshire, County of",5,3,6,3,West Midlands,192801,7340,11415,,3995,3.80703419588073,5.9206124449562,,34.9978098992554,4075,2.11357824907547
E07000132,Hinckley and Bosworth,8,4,8,4,East Midlands,113136,4300,6880,,2500,3.80073539810494,6.0811766369679,,36.3372093023256,2580,2.28044123886296
E09000002,Barking and Dagenham,1,1,1,1,London,212906,8090,17615,,9515,3.79979897231642,8.27360431364076,,54.0164632415555,9525,4.47380534132434
E08000019,Sheffield,2,1,2,1,Yorkshire and The Humber,584853,22220,39365,,16845,3.79924528043799,6.73075114601447,,42.7918201447987,17145,2.93150586557648
E07000154,Northampton,4,2,4,2,East Midlands,224610,8525,16025,,7375,3.79546769956814,7.13458884288322,,46.0218408736349,7500,3.33912114331508
E06000054,Wiltshire,8,4,8,4,South West,500024,18970,29675,,10250,3.79381789674096,5.93471513367358,,34.5408593091828,10705,2.14089723693263
E06000049,Cheshire East,7,4,8,4,North West,384152,14565,22120,,7265,3.79146796059893,5.75813740394427,,32.8435804701628,7555,1.96666944334534
E07000087,Fareham,10,5,10,5,South East,116233,4405,6910,,2475,3.78980151936197,5.94495539132604,,35.8176555716353,2505,2.15515387196407
E07000061,Eastbourne,4,2,3,2,South East,103745,3930,7835,,3825,3.78813436792135,7.55217118897296,,48.8194001276324,3905,3.76403682105162
E07000065,Wealden,8,4,9,5,South East,161475,6090,9855,,3645,3.77148165350674,6.10311193683233,,36.986301369863,3765,2.33163028332559
E07000142,West Lindsey,5,3,4,2,East Midlands,95667,3605,6515,,2230,3.76827955303292,6.81008080111219,,34.2287029930929,2910,3.04180124807928
E07000140,South Holland,6,3,6,3,East Midlands,95019,3580,6175,,2545,3.76766751912775,6.49870025994801,,41.2145748987854,2595,2.73103274082026
E08000005,Rochdale,1,1,1,1,North West,222412,8350,15595,,7065,3.75429383306656,7.01176195529018,,45.3029817249118,7245,3.25746812222362
E08000030,Walsall,1,1,1,1,West Midlands,285478,10680,20210,,9445,3.7410938846426,7.07935462627593,,46.7342899554676,9530,3.33826074163333
E06000024,North Somerset,7,4,6,3,South West,215052,8045,13570,,5340,3.74095567583654,6.31010174283429,,39.3515106853353,5525,2.56914606699775
E08000026,Coventry,3,2,3,2,West Midlands,371521,13870,25810,,11140,3.73330175144877,6.94711739040324,,43.1615652847734,11940,3.21381563895446
E09000006,Bromley,8,4,7,4,London,332336,12345,19725,,7290,3.71461412546339,5.93525829281209,,36.958174904943,7380,2.22064416734871
E07000028,Carlisle,4,2,5,3,North West,108678,4035,6945,,2815,3.71280295920057,6.39043780709987,,40.5327573794096,2910,2.6776348478993
E09000020,Kensington and Chelsea,4,2,5,3,London,156129,5795,10980,,4985,3.71167432059387,7.03264608112522,,45.4007285974499,5185,3.32097176053136
E07000036,Erewash,5,3,5,3,East Midlands,115371,4270,6800,,2465,3.7011033968675,5.89402882873512,,36.25,2530,2.19292543186763
E07000125,Rossendale,3,2,3,2,North West,71482,2645,4500,,1825,3.70023222629473,6.29529112224056,,40.5555555555556,1855,2.59505889594583
E07000188,Sedgemoor,4,2,5,3,South West,123178,4550,7455,,2815,3.69384143272338,6.05221711669292,,37.7598926894702,2905,2.35837568396954
E07000215,Tandridge,9,5,9,5,South East,88129,3255,5400,,2070,3.6934493753475,6.12738145218941,,38.3333333333333,2145,2.4339320768419
E07000129,Blaby,9,5,9,5,East Midlands,101526,3740,5615,,1825,3.68378543427299,5.53060299824676,,32.5022261798753,1875,1.84681756397376
E07000098,Hertsmere,8,4,7,4,East of England,104919,3860,6760,,2830,3.67902858395524,6.44306560298897,,41.8639053254438,2900,2.76403701903373
E07000071,Colchester,6,3,6,3,East of England,194706,7155,10545,,3275,3.67477119349173,5.41585775476873,,31.0573731626363,3390,1.741086561277
E07000164,Hambleton,9,5,9,5,Yorkshire and The Humber,91594,3365,5175,,1805,3.67382142935127,5.64993340175121,,34.8792270531401,1810,1.97611197239994
E06000035,Medway,3,2,4,2,South East,278556,10230,16175,,5725,3.67251109292207,5.80673186002097,,35.3941267387944,5945,2.1342207670989
E07000032,Amber Valley,6,3,5,3,East Midlands,128147,4700,7465,,2680,3.66766291836719,5.82534120970448,,35.9008707300737,2765,2.15767829133729
E07000229,Worthing,6,3,6,3,South East,110570,4055,7815,,3685,3.66736004341141,7.06792077417021,,47.1529110684581,3760,3.40056073075879
E06000014,York,9,5,9,5,Yorkshire and The Humber,210618,7715,11550,,3785,3.66302975054364,5.4838617781956,,32.7705627705628,3835,1.82083202765196
E07000083,Tewkesbury,9,5,8,4,South West,95019,3480,5520,,1880,3.66242540965491,5.80936444290089,,34.0579710144928,2040,2.14693903324598
E09000016,Havering,6,3,6,3,London,259552,9485,15865,,6270,3.65437369005055,6.11245530760695,,39.5209580838323,6380,2.45808161755641
E07000199,Tamworth,4,2,4,2,West Midlands,76696,2800,4645,,1770,3.65077709398143,6.05637842912277,,38.1054897739505,1845,2.40560133514134
E07000169,Selby,8,4,8,4,Yorkshire and The Humber,90620,3305,4915,,1550,3.6470977709115,5.42374751710439,,31.5361139369278,1610,1.77664974619289
E07000035,Derbyshire Dales,9,5,9,5,East Midlands,72325,2635,4035,,1355,3.64327687521604,5.5789837538887,,33.5811648079306,1400,1.93570687867266
E07000126,South Ribble,7,4,7,4,North West,110788,4025,5810,,1735,3.63306495288298,5.2442502798137,,29.8623063683305,1785,1.61118532693071
E07000102,Three Rivers,10,5,9,5,East of England,93323,3385,5475,,2045,3.62718729573631,5.86672095839182,,37.351598173516,2090,2.23953366265551
E06000030,Swindon,5,3,5,3,South West,222193,8045,15215,,7115,3.6207261254855,6.84765046603628,,46.7630627670062,7170,3.22692434055078
E07000226,Crawley,5,3,5,3,South East,112409,4065,8080,,3930,3.61625848464091,7.18803654511649,,48.6386138613861,4015,3.57177806047559
E07000095,Broxbourne,6,3,6,3,East of England,97279,3515,5215,,1645,3.61331839348678,5.36086925235662,,31.5436241610738,1700,1.74755085886985
E07000216,Waverley,10,5,10,5,South East,126328,4560,7235,,2605,3.60965106706352,5.72715470837819,,36.0055286800277,2675,2.11750364131467
E07000235,Malvern Hills,7,4,7,4,West Midlands,78698,2840,4720,,1870,3.60873211517446,5.99761112099418,,39.6186440677966,1880,2.38887900581972
E07000034,Chesterfield,3,2,3,2,East Midlands,104900,3785,7055,,3215,3.60819828408008,6.7254528122021,,45.5705173635719,3270,3.11725452812202
E07000239,Wyre Forest,4,2,4,2,West Midlands,101291,3645,6315,,2635,3.59854281229329,6.23451244434353,,41.7260490894695,2670,2.63596963205023
E06000055,Bedford,5,3,5,3,East of England,173292,6235,12100,,5810,3.59797336287884,6.98243427278813,,48.0165289256198,5865,3.38446090990929
E07000212,Runnymede,9,5,9,5,South East,89424,3215,5085,,1760,3.59523170513509,5.68639291465378,,34.6116027531957,1870,2.0911612095187
E09000027,Richmond upon Thames,10,5,9,5,London,198019,7115,10745,,3580,3.59308955201269,5.42624697630025,,33.3178222429037,3630,1.83315742428757
E06000051,Shropshire,6,3,7,4,West Midlands,323136,11600,18475,,6605,3.58981976629035,5.71740691225985,,35.7510148849797,6875,2.1275871459695
E08000021,Newcastle upon Tyne,2,1,2,1,North East,302820,10870,20530,,9320,3.58959117627634,6.77960504590186,,45.3969800292255,9660,3.19001386962552
E07000228,Mid Sussex,10,5,10,5,South East,151022,5420,8515,,2990,3.58888109017229,5.63825138059356,,35.1145038167939,3095,2.04937029042126
E07000155,South Northamptonshire,10,5,10,5,East Midlands,94490,3385,4920,,1450,3.58238967086464,5.20690020107948,,29.4715447154472,1535,1.62451053021484
E07000134,North West Leicestershire,7,4,7,4,East Midlands,103611,3705,5945,,2155,3.57587514839158,5.73780776172414,,36.2489486963835,2240,2.16193261333256
E07000227,Horsham,10,5,10,5,South East,143791,5140,8255,,3005,3.57463262652044,5.74097127080276,,36.4021804966687,3115,2.16633864428233
E07000210,Mole Valley,10,5,10,5,South East,87245,3085,5230,,2070,3.53601925611783,5.99461287179781,,39.5793499043977,2145,2.45859361567998
E07000078,Cheltenham,7,4,7,4,South West,116306,4110,7215,,2780,3.53378157618696,6.20346327790484,,38.5308385308385,3105,2.66968170171788
E07000196,South Staffordshire,8,4,7,4,West Midlands,112436,3965,6125,,2095,3.52645060300971,5.44754349140845,,34.2040816326531,2160,1.92109288839873
E07000038,North East Derbyshire,6,3,5,3,East Midlands,101462,3560,6285,,2640,3.5087027655674,6.19443732628965,,42.0047732696897,2725,2.68573456072224
E07000084,Basingstoke and Deane,8,4,9,5,South East,176582,6190,9415,,3080,3.50545355698769,5.33180052326964,,32.7137546468402,3225,1.82634696628195
E06000022,Bath and North East Somerset,9,5,8,4,South West,193282,6775,9925,,2945,3.50524104676069,5.13498411647231,,29.6725440806045,3150,1.62974306971161
E07000243,Stevenage,5,3,5,3,East of England,87845,3075,5960,,2780,3.50048380670499,6.78467755706073,,46.6442953020134,2885,3.28419375035574
E07000068,Brentwood,10,5,9,5,East of England,77021,2695,4100,,1355,3.49904571480505,5.32322353643812,,33.0487804878049,1405,1.82417782163306
E07000222,Warwick,9,5,9,5,West Midlands,143753,5025,8035,,2935,3.49557922269448,5.58944856802988,,36.5276913503423,3010,2.0938693453354
E09000008,Croydon,4,2,4,2,London,386710,13515,29650,,16000,3.49486695456544,7.66724418815133,,53.9629005059022,16135,4.17237723358589
E07000181,West Oxfordshire,10,5,10,5,South East,110643,3860,6105,,2170,3.48869788418608,5.51774626501451,,35.5446355446356,2245,2.02904838082843
E09000029,Sutton,8,4,7,4,London,206349,7175,12880,,5615,3.47711886173425,6.24185239569855,,43.5947204968944,5705,2.7647335339643
E07000107,Dartford,5,3,7,4,South East,112606,3910,6640,,2630,3.47228389251017,5.89666625224233,,39.6084337349398,2730,2.42438235973216
E07000133,Melton,8,4,9,5,East Midlands,51209,1775,2785,,955,3.46618758421371,5.43849713917475,,34.2908438061041,1010,1.97230955496104
E07000118,Chorley,6,3,6,3,North West,118216,4095,6370,,2200,3.46399810516343,5.38844149692089,,34.5368916797488,2275,1.92444339175746
E07000217,Woking,9,5,9,5,South East,100793,3490,6035,,2440,3.46254204161003,5.98751897453196,,40.4308202154101,2545,2.52497693292193
E09000028,Southwark,3,2,2,1,London,318830,11025,26410,,15280,3.45795565034658,8.28341122228147,,57.8568723968194,15385,4.82545557193489
E07000130,Charnwood,8,4,7,4,East Midlands,185851,6410,10400,,3875,3.44899946731521,5.59588057099504,,37.2596153846154,3990,2.14688110367983
E07000093,Test Valley,9,5,9,5,South East,126160,4350,6800,,2395,3.44800253646164,5.38998097653773,,35.2205882352941,2450,1.94197844007609
E07000131,Harborough,10,5,10,5,East Midlands,93807,3230,4880,,1605,3.44323984350848,5.20217041372179,,32.8893442622951,1650,1.75893057021331
E09000025,Newham,2,1,2,1,London,353134,12150,33825,,21770,3.44062027445672,9.57851693691347,,64.3606799704361,21675,6.13789666245675
E07000008,Cambridge,7,4,8,4,East of England,124798,4290,7460,,3040,3.43755508902386,5.97765989839581,,40.7506702412869,3170,2.54010480937195
E07000110,Maidstone,6,3,7,4,South East,171826,5895,10445,,4505,3.43079627064589,6.07882392653033,,43.1306845380565,4550,2.64802765588444
E07000211,Reigate and Banstead,9,5,9,5,South East,148748,5085,8760,,3565,3.41853335843171,5.88915481216554,,40.6963470319635,3675,2.47062145373383
E08000031,Wolverhampton,1,1,1,1,West Midlands,263357,9000,20160,,11105,3.41741438427686,7.65500822078016,,55.0843253968254,11160,4.2375938365033
E08000003,Manchester,1,1,1,1,North West,552858,18825,38995,,19985,3.40503348056825,7.05334823770299,,51.2501602769586,20170,3.64831475713474
E08000029,Solihull,6,3,5,3,West Midlands,216374,7330,11940,,4510,3.38765286032518,5.51822307670977,,37.7721943048576,4610,2.13057021638459
E06000044,Portsmouth,2,1,4,2,South East,214905,7275,13800,,6420,3.3852167236686,6.421442032526,,46.5217391304348,6525,3.0362253088574
E07000092,Rushmoor,7,4,6,3,South East,94599,3200,6020,,2765,3.38269960570408,6.3637036332308,,45.9302325581395,2820,2.98100402752672
E07000214,Surrey Heath,10,5,10,5,South East,89305,3020,5105,,2025,3.38166955937518,5.71636526510274,,39.6669931439765,2085,2.33469570572756
E07000077,Uttlesford,10,5,10,5,East of England,91284,3080,4655,,1500,3.37408527233688,5.09946978660006,,32.2234156820623,1575,1.72538451426318
E07000195,Newcastle-under-Lyme,5,3,6,3,West Midlands,129441,4365,7395,,2970,3.37219273645908,5.71302755695645,,40.1622718052738,3030,2.34083482049737
E07000236,Redditch,4,2,4,2,West Midlands,85261,2875,4875,,1980,3.37199892096035,5.71773730075885,,40.6153846153846,2000,2.3457383797985
E07000094,Winchester,10,5,10,5,South East,124859,4210,6630,,2315,3.37180339422869,5.30998966834589,,34.9170437405732,2420,1.9381862741172
E07000039,South Derbyshire,7,4,8,4,East Midlands,107261,3615,5520,,1820,3.37028370050624,5.14632531861534,,32.9710144927536,1905,1.7760416181091
E09000014,Haringey,2,1,2,1,London,268647,9040,20390,,11325,3.36501059010523,7.58988561197408,,55.5419323197646,11350,4.22487502186885
E06000036,Bracknell Forest,10,5,9,5,South East,122549,4120,5905,,1715,3.36192053790729,4.81848077095692,,29.043183742591,1785,1.45656023304964
E07000234,Bromsgrove,9,5,9,5,West Midlands,99881,3345,5430,,2030,3.34898529249807,5.43646939858432,,37.3848987108656,2085,2.08748410608624
E06000015,Derby,3,2,2,1,East Midlands,257302,8605,17585,,8700,3.34431912694033,6.8343813884074,,49.4739835086722,8980,3.49006226146707
E06000020,Telford and Wrekin,3,2,2,1,West Midlands,179854,6005,10585,,4465,3.33881926451455,5.88532921147153,,42.1823334907889,4580,2.54650994695698
E07000177,Cherwell,7,4,8,4,South East,150503,5010,8270,,3145,3.32883729892427,5.49490707826422,,38.0290205562273,3260,2.16606977933995
E07000096,Dacorum,8,4,7,4,East of England,154763,5150,8145,,2875,3.32766875803648,5.26288583188488,,35.2977286678944,2995,1.9352170738484
E07000124,Ribble Valley,9,5,10,5,North West,60888,2020,2930,,875,3.31756667980554,4.81211404546052,,29.8634812286689,910,1.49454736565497
E07000070,Chelmsford,8,4,8,4,East of England,178388,5915,9835,,3815,3.31580599591901,5.51326322398368,,38.7900355871886,3920,2.19745722806467
E07000086,Eastleigh,10,5,9,5,South East,133584,4420,6765,,2310,3.30877949455025,5.06422924901186,,34.1463414634146,2345,1.75544975446161
E07000172,Broxtowe,7,4,7,4,East Midlands,114033,3770,6695,,2740,3.30606052633887,5.87110748642937,,40.9260642270351,2925,2.5650469600905
E07000179,South Oxfordshire,10,5,10,5,South East,142057,4680,7400,,2625,3.294452226923,5.2091765981261,,35.472972972973,2720,1.91472437120311
E06000043,Brighton and Hove,5,3,4,2,South East,290885,9560,16450,,6690,3.2865221651168,5.65515581759114,,40.6686930091185,6890,2.36863365247435
E07000115,Tonbridge and Malling,8,4,8,4,South East,132153,4335,6785,,2390,3.28028875621439,5.13420051001491,,35.2247605011054,2450,1.85391175380052
E06000018,Nottingham,1,1,1,1,East Midlands,332900,10905,22985,,11925,3.27575848603184,6.90447581856413,,51.8816619534479,12080,3.62871733253229
E07000208,Epsom and Ewell,10,5,10,5,South East,80627,2635,4295,,1620,3.26813598422365,5.326999640319,,37.7182770663562,1660,2.05886365609535
E09000023,Lewisham,2,1,2,1,London,305842,9995,22275,,12195,3.26802728206067,7.28317235696863,,54.7474747474748,12280,4.01514507490796
E07000152,East Northamptonshire,8,4,8,4,East Midlands,94527,3085,5100,,1965,3.26361780232103,5.39528388714336,,38.5294117647059,2015,2.13166608482233
E09000033,Westminster,5,3,4,2,London,261317,8520,17485,,8735,3.26040785712372,6.69110696969581,,49.9571060909351,8965,3.43069911257209
E07000187,Mendip,6,3,6,3,South West,115587,3760,5775,,1970,3.25296097311981,4.99623660100184,,34.1125541125541,2015,1.74327562788203
E09000003,Barnet,6,3,5,3,London,395869,12855,25300,,12300,3.24728634977733,6.39100308435366,,48.6166007905138,12445,3.14371673457634
E08000025,Birmingham,1,1,1,1,West Midlands,1141816,36600,87965,,50790,3.20542013774549,7.7039558037372,,57.738873415563,51365,4.49853566599172
E07000116,Tunbridge Wells,9,5,9,5,South East,118724,3795,6450,,2495,3.19648933661265,5.4327684377211,,38.6821705426357,2655,2.23627910110845
E07000220,Rugby,8,4,7,4,West Midlands,108935,3480,5920,,2365,3.1945655666223,5.4344333777023,,39.9493243243243,2440,2.23986781108
E06000023,"Bristol, City of",3,2,3,2,South West,463377,14800,26990,,12125,3.19394359236648,5.82463091607913,,44.9240459429418,12190,2.63068732371266
E06000017,Rutland,10,5,10,5,East Midlands,39927,1270,2100,,765,3.18080496906855,5.25959876775115,,36.4285714285714,830,2.0787937986826
E09000021,Kingston upon Thames,9,5,8,4,London,177507,5640,9915,,4165,3.1773394852034,5.58569521201981,,42.0070600100857,4275,2.40835572681641
E09000024,Merton,7,4,6,3,London,206548,6530,13695,,7110,3.16149272808258,6.63042004764026,,51.9167579408543,7165,3.46892731955768
E07000209,Guildford,10,5,10,5,South East,148998,4690,7460,,2710,3.14769325762762,5.00677861447805,,36.3270777479893,2770,1.85908535685043
E07000207,Elmbridge,10,5,10,5,South East,136795,4305,6990,,2550,3.14704484813041,5.10983588581454,,36.480686695279,2685,1.96279103768413
E07000241,Welwyn Hatfield,7,4,7,4,East of England,123043,3840,6595,,2685,3.12086018708907,5.35991482652406,,40.7126611068992,2755,2.23905463943499
E07000123,Preston,2,1,2,1,North West,143135,4395,8625,,4180,3.07052782338352,6.02577985817585,,48.463768115942,4230,2.95525203479233
E09000026,Redbridge,6,3,5,3,London,305222,9320,22715,,13235,3.05351514635249,7.44212409328292,,58.2654633502091,13395,4.38860894693043
E07000180,Vale of White Horse,10,5,10,5,South East,136007,4120,6685,,2460,3.02925584712552,4.91518818884322,,36.7988032909499,2565,1.88593234171771
E07000176,Rushcliffe,10,5,10,5,East Midlands,119184,3600,5880,,2170,3.02053966975433,4.9335481272654,,36.9047619047619,2280,1.91300845751108
E09000011,Greenwich,3,2,2,1,London,287942,8690,18975,,10225,3.01796889651388,6.58986879302082,,53.8866930171278,10285,3.57189989650694
E06000038,Reading,5,3,5,3,South East,161780,4880,9705,,4770,3.01644208183954,5.99888737792063,,49.1499227202473,4825,2.9824452960811
E06000031,Peterborough,2,1,2,1,East of England,202259,6090,12590,,6390,3.010990858256,6.2246921027,,50.7545671167593,6500,3.21370124444401
E09000010,Enfield,3,2,2,1,London,333794,10025,22705,,12650,3.00334937116904,6.80209949849308,,55.7146003083021,12680,3.79875012732404
E07000237,Worcester,5,3,5,3,West Midlands,101222,3040,5440,,2400,3.00329967793563,5.37432573946375,,44.1176470588235,2400,2.37102606152813
E07000166,Richmondshire,9,5,10,5,Yorkshire and The Humber,53730,1575,2550,,945,2.93132328308208,4.74595198213289,,37.0588235294118,975,1.81462869905081
E09000022,Lambeth,3,2,3,2,London,326034,9495,25130,,15555,2.91227295312759,7.70778507762994,,61.8981297254278,15635,4.79551212450235
E07000138,Lincoln,2,1,3,2,East Midlands,99299,2885,5530,,2670,2.90536662000624,5.56903896313155,,48.2820976491863,2645,2.66367234312531
E06000037,West Berkshire,10,5,9,5,South East,158450,4600,7215,,2510,2.90312401388451,4.55348690438624,,34.7886347886348,2615,1.65036289050174
E06000040,Windsor and Maidenhead,10,5,10,5,South East,151422,4395,7980,,3505,2.90248444743829,5.27004002060467,,43.922305764411,3585,2.36755557316638
E07000041,Exeter,6,3,7,4,South West,131405,3800,6760,,2855,2.89182298999277,5.14440089798714,,42.2337278106509,2960,2.25257790799437
E06000039,Slough,4,2,4,2,South East,149539,4310,12155,,7755,2.8821912678298,8.12831435277754,,63.8009049773756,7845,5.24612308494774
E07000240,St Albans,10,5,10,5,East of England,148452,4275,7050,,2695,2.87971869695255,4.74900978093929,,38.2269503546099,2775,1.86929108398674
E09000031,Waltham Forest,3,2,3,2,London,276983,7895,18575,,10600,2.85035543697628,6.7061877443742,,57.0659488559892,10680,3.85583230739793
E09000019,Islington,2,1,2,1,London,242467,6865,15350,,8410,2.8313131271472,6.330758412485,,54.7882736156352,8485,3.4994452853378
E07000103,Watford,7,4,7,4,East of England,96577,2720,6265,,3505,2.81640556240099,6.48705178251551,,55.9457302474062,3545,3.67064622011452
E06000041,Wokingham,10,5,10,5,South East,171119,4700,7790,,2990,2.74662661656508,4.55238751979617,,38.382541720154,3090,1.80576090323109
E09000032,Wandsworth,6,3,6,3,London,329677,9000,18655,,9495,2.72994476411761,5.65856884162377,,50.8978826051997,9655,2.92862407750617
E09000012+E09000001,Hackney and City of London,,,,,London,290841,7910,20965,,12940,2.71969907956581,7.20840596752177,,61.7219174815168,13055,4.48870688795596
E09000007,Camden,5,3,3,2,London,270029,7025,16135,,9000,2.60157242370264,5.97528413614834,,55.7793616361946,9110,3.3737117124457
E07000178,Oxford,6,3,7,4,South East,152457,3925,8260,,4270,2.5744964153827,5.41792111874168,,51.6949152542373,4335,2.84342470335898
E09000030,Tower Hamlets,2,1,1,1,London,324745,8135,25915,,17715,2.50504241789712,7.98010746893717,,68.358093768088,17780,5.47506505104005
E06000060,Buckinghamshire,,,,,,,17810,30400,,12190,,,,40.0986842105263,12590,
